--
-- PostgreSQL database dump
--

-- Dumped from database version 12.9 (Ubuntu 12.9-2.pgdg20.04+1)
-- Dumped by pg_dump version 12.9 (Ubuntu 12.9-2.pgdg20.04+1)

SET statement_timeout = 0;
SET lock_timeout = 0;
SET idle_in_transaction_session_timeout = 0;
SET client_encoding = 'UTF8';
SET standard_conforming_strings = on;
SELECT pg_catalog.set_config('search_path', '', false);
SET check_function_bodies = false;
SET xmloption = content;
SET client_min_messages = warning;
SET row_security = off;

DROP DATABASE universe;
--
-- Name: universe; Type: DATABASE; Schema: -; Owner: freecodecamp
--

CREATE DATABASE universe WITH TEMPLATE = template0 ENCODING = 'UTF8' LC_COLLATE = 'C.UTF-8' LC_CTYPE = 'C.UTF-8';


ALTER DATABASE universe OWNER TO freecodecamp;

\connect universe

SET statement_timeout = 0;
SET lock_timeout = 0;
SET idle_in_transaction_session_timeout = 0;
SET client_encoding = 'UTF8';
SET standard_conforming_strings = on;
SELECT pg_catalog.set_config('search_path', '', false);
SET check_function_bodies = false;
SET xmloption = content;
SET client_min_messages = warning;
SET row_security = off;

SET default_tablespace = '';

SET default_table_access_method = heap;

--
-- Name: cluster; Type: TABLE; Schema: public; Owner: freecodecamp
--

CREATE TABLE public.cluster (
    cluster_id integer NOT NULL,
    name character varying(20) NOT NULL,
    description text
);


ALTER TABLE public.cluster OWNER TO freecodecamp;

--
-- Name: cluster_cluster_id_seq; Type: SEQUENCE; Schema: public; Owner: freecodecamp
--

CREATE SEQUENCE public.cluster_cluster_id_seq
    AS integer
    START WITH 1
    INCREMENT BY 1
    NO MINVALUE
    NO MAXVALUE
    CACHE 1;


ALTER TABLE public.cluster_cluster_id_seq OWNER TO freecodecamp;

--
-- Name: cluster_cluster_id_seq; Type: SEQUENCE OWNED BY; Schema: public; Owner: freecodecamp
--

ALTER SEQUENCE public.cluster_cluster_id_seq OWNED BY public.cluster.cluster_id;


--
-- Name: galaxy; Type: TABLE; Schema: public; Owner: freecodecamp
--

CREATE TABLE public.galaxy (
    galaxy_id integer NOT NULL,
    name character varying(20) NOT NULL,
    galaxy_types character varying,
    number_of_stars integer,
    description text
);


ALTER TABLE public.galaxy OWNER TO freecodecamp;

--
-- Name: galaxy_id_seq; Type: SEQUENCE; Schema: public; Owner: freecodecamp
--

CREATE SEQUENCE public.galaxy_id_seq
    AS integer
    START WITH 1
    INCREMENT BY 1
    NO MINVALUE
    NO MAXVALUE
    CACHE 1;


ALTER TABLE public.galaxy_id_seq OWNER TO freecodecamp;

--
-- Name: galaxy_id_seq; Type: SEQUENCE OWNED BY; Schema: public; Owner: freecodecamp
--

ALTER SEQUENCE public.galaxy_id_seq OWNED BY public.galaxy.galaxy_id;


--
-- Name: moon; Type: TABLE; Schema: public; Owner: freecodecamp
--

CREATE TABLE public.moon (
    moon_id integer NOT NULL,
    name character varying(20),
    planet_id integer NOT NULL,
    distance_from_earth numeric,
    description text
);


ALTER TABLE public.moon OWNER TO freecodecamp;

--
-- Name: moon_id_seq; Type: SEQUENCE; Schema: public; Owner: freecodecamp
--

CREATE SEQUENCE public.moon_id_seq
    AS integer
    START WITH 1
    INCREMENT BY 1
    NO MINVALUE
    NO MAXVALUE
    CACHE 1;


ALTER TABLE public.moon_id_seq OWNER TO freecodecamp;

--
-- Name: moon_id_seq; Type: SEQUENCE OWNED BY; Schema: public; Owner: freecodecamp
--

ALTER SEQUENCE public.moon_id_seq OWNED BY public.moon.moon_id;


--
-- Name: planet; Type: TABLE; Schema: public; Owner: freecodecamp
--

CREATE TABLE public.planet (
    planet_id integer NOT NULL,
    name character varying(20),
    star_id integer NOT NULL,
    has_life boolean,
    distance_from_earth numeric,
    is_spherical boolean
);


ALTER TABLE public.planet OWNER TO freecodecamp;

--
-- Name: planet_id_seq; Type: SEQUENCE; Schema: public; Owner: freecodecamp
--

CREATE SEQUENCE public.planet_id_seq
    AS integer
    START WITH 1
    INCREMENT BY 1
    NO MINVALUE
    NO MAXVALUE
    CACHE 1;


ALTER TABLE public.planet_id_seq OWNER TO freecodecamp;

--
-- Name: planet_id_seq; Type: SEQUENCE OWNED BY; Schema: public; Owner: freecodecamp
--

ALTER SEQUENCE public.planet_id_seq OWNED BY public.planet.planet_id;


--
-- Name: star; Type: TABLE; Schema: public; Owner: freecodecamp
--

CREATE TABLE public.star (
    star_id integer NOT NULL,
    name character varying(20),
    galaxy_id integer NOT NULL,
    age_in_millions_of_years integer,
    description text
);


ALTER TABLE public.star OWNER TO freecodecamp;

--
-- Name: star_star_id_seq; Type: SEQUENCE; Schema: public; Owner: freecodecamp
--

CREATE SEQUENCE public.star_star_id_seq
    AS integer
    START WITH 1
    INCREMENT BY 1
    NO MINVALUE
    NO MAXVALUE
    CACHE 1;


ALTER TABLE public.star_star_id_seq OWNER TO freecodecamp;

--
-- Name: star_star_id_seq; Type: SEQUENCE OWNED BY; Schema: public; Owner: freecodecamp
--

ALTER SEQUENCE public.star_star_id_seq OWNED BY public.star.star_id;


--
-- Name: cluster cluster_id; Type: DEFAULT; Schema: public; Owner: freecodecamp
--

ALTER TABLE ONLY public.cluster ALTER COLUMN cluster_id SET DEFAULT nextval('public.cluster_cluster_id_seq'::regclass);


--
-- Name: galaxy galaxy_id; Type: DEFAULT; Schema: public; Owner: freecodecamp
--

ALTER TABLE ONLY public.galaxy ALTER COLUMN galaxy_id SET DEFAULT nextval('public.galaxy_id_seq'::regclass);


--
-- Name: moon moon_id; Type: DEFAULT; Schema: public; Owner: freecodecamp
--

ALTER TABLE ONLY public.moon ALTER COLUMN moon_id SET DEFAULT nextval('public.moon_id_seq'::regclass);


--
-- Name: planet planet_id; Type: DEFAULT; Schema: public; Owner: freecodecamp
--

ALTER TABLE ONLY public.planet ALTER COLUMN planet_id SET DEFAULT nextval('public.planet_id_seq'::regclass);


--
-- Name: star star_id; Type: DEFAULT; Schema: public; Owner: freecodecamp
--

ALTER TABLE ONLY public.star ALTER COLUMN star_id SET DEFAULT nextval('public.star_star_id_seq'::regclass);


--
-- Data for Name: cluster; Type: TABLE DATA; Schema: public; Owner: freecodecamp
--

INSERT INTO public.cluster VALUES (1, 'C1', NULL);
INSERT INTO public.cluster VALUES (2, 'C2', NULL);
INSERT INTO public.cluster VALUES (3, 'C3', NULL);


--
-- Data for Name: galaxy; Type: TABLE DATA; Schema: public; Owner: freecodecamp
--

INSERT INTO public.galaxy VALUES (1, 'A', NULL, 10000, NULL);
INSERT INTO public.galaxy VALUES (2, 'B', NULL, 20000, NULL);
INSERT INTO public.galaxy VALUES (3, 'C', NULL, 30000, NULL);
INSERT INTO public.galaxy VALUES (4, 'D', NULL, 40000, NULL);
INSERT INTO public.galaxy VALUES (5, 'E', NULL, 50000, NULL);
INSERT INTO public.galaxy VALUES (6, 'F', NULL, 60000, NULL);


--
-- Data for Name: moon; Type: TABLE DATA; Schema: public; Owner: freecodecamp
--

INSERT INTO public.moon VALUES (1, 'AA11', 1, NULL, NULL);
INSERT INTO public.moon VALUES (2, 'AA12', 1, NULL, NULL);
INSERT INTO public.moon VALUES (3, 'AA21', 2, NULL, NULL);
INSERT INTO public.moon VALUES (4, 'AA22', 2, NULL, NULL);
INSERT INTO public.moon VALUES (5, 'BB11', 3, NULL, NULL);
INSERT INTO public.moon VALUES (6, 'BB12', 3, NULL, NULL);
INSERT INTO public.moon VALUES (7, 'BB21', 4, NULL, NULL);
INSERT INTO public.moon VALUES (8, 'BB22', 4, NULL, NULL);
INSERT INTO public.moon VALUES (9, 'CC11', 5, NULL, NULL);
INSERT INTO public.moon VALUES (10, 'CC12', 5, NULL, NULL);
INSERT INTO public.moon VALUES (11, 'CC21', 6, NULL, NULL);
INSERT INTO public.moon VALUES (12, 'CC22', 6, NULL, NULL);
INSERT INTO public.moon VALUES (13, 'DD11', 7, NULL, NULL);
INSERT INTO public.moon VALUES (14, 'DD12', 7, NULL, NULL);
INSERT INTO public.moon VALUES (15, 'DD21', 8, NULL, NULL);
INSERT INTO public.moon VALUES (16, 'DD22', 8, NULL, NULL);
INSERT INTO public.moon VALUES (17, 'EE11', 9, NULL, NULL);
INSERT INTO public.moon VALUES (18, 'EE21', 10, NULL, NULL);
INSERT INTO public.moon VALUES (19, 'FF11', 11, NULL, NULL);
INSERT INTO public.moon VALUES (20, 'FF21', 12, NULL, NULL);


--
-- Data for Name: planet; Type: TABLE DATA; Schema: public; Owner: freecodecamp
--

INSERT INTO public.planet VALUES (1, 'AA1', 1, NULL, NULL, NULL);
INSERT INTO public.planet VALUES (2, 'AA2', 1, NULL, NULL, NULL);
INSERT INTO public.planet VALUES (3, 'BB1', 2, NULL, NULL, NULL);
INSERT INTO public.planet VALUES (4, 'BB2', 2, NULL, NULL, NULL);
INSERT INTO public.planet VALUES (5, 'CC1', 3, NULL, NULL, NULL);
INSERT INTO public.planet VALUES (6, 'CC2', 3, NULL, NULL, NULL);
INSERT INTO public.planet VALUES (7, 'DD1', 4, NULL, NULL, NULL);
INSERT INTO public.planet VALUES (8, 'DD2', 4, NULL, NULL, NULL);
INSERT INTO public.planet VALUES (9, 'EE1', 5, NULL, NULL, NULL);
INSERT INTO public.planet VALUES (10, 'EE2', 5, NULL, NULL, NULL);
INSERT INTO public.planet VALUES (11, 'FF1', 6, NULL, NULL, NULL);
INSERT INTO public.planet VALUES (12, 'FF2', 6, NULL, NULL, NULL);


--
-- Data for Name: star; Type: TABLE DATA; Schema: public; Owner: freecodecamp
--

INSERT INTO public.star VALUES (1, 'AA', 1, NULL, NULL);
INSERT INTO public.star VALUES (2, 'BB', 2, NULL, NULL);
INSERT INTO public.star VALUES (3, 'CC', 3, NULL, NULL);
INSERT INTO public.star VALUES (4, 'DD', 4, NULL, NULL);
INSERT INTO public.star VALUES (5, 'EE', 5, NULL, NULL);
INSERT INTO public.star VALUES (6, 'FF', 6, NULL, NULL);


--
-- Name: cluster_cluster_id_seq; Type: SEQUENCE SET; Schema: public; Owner: freecodecamp
--

SELECT pg_catalog.setval('public.cluster_cluster_id_seq', 3, true);


--
-- Name: galaxy_id_seq; Type: SEQUENCE SET; Schema: public; Owner: freecodecamp
--

SELECT pg_catalog.setval('public.galaxy_id_seq', 6, true);


--
-- Name: moon_id_seq; Type: SEQUENCE SET; Schema: public; Owner: freecodecamp
--

SELECT pg_catalog.setval('public.moon_id_seq', 20, true);


--
-- Name: planet_id_seq; Type: SEQUENCE SET; Schema: public; Owner: freecodecamp
--

SELECT pg_catalog.setval('public.planet_id_seq', 12, true);


--
-- Name: star_star_id_seq; Type: SEQUENCE SET; Schema: public; Owner: freecodecamp
--

SELECT pg_catalog.setval('public.star_star_id_seq', 6, true);


--
-- Name: cluster cluster_pkey; Type: CONSTRAINT; Schema: public; Owner: freecodecamp
--

ALTER TABLE ONLY public.cluster
    ADD CONSTRAINT cluster_pkey PRIMARY KEY (cluster_id);


--
-- Name: galaxy galaxy_pkey; Type: CONSTRAINT; Schema: public; Owner: freecodecamp
--

ALTER TABLE ONLY public.galaxy
    ADD CONSTRAINT galaxy_pkey PRIMARY KEY (galaxy_id);


--
-- Name: moon moon_pkey; Type: CONSTRAINT; Schema: public; Owner: freecodecamp
--

ALTER TABLE ONLY public.moon
    ADD CONSTRAINT moon_pkey PRIMARY KEY (moon_id);


--
-- Name: planet planet_pkey; Type: CONSTRAINT; Schema: public; Owner: freecodecamp
--

ALTER TABLE ONLY public.planet
    ADD CONSTRAINT planet_pkey PRIMARY KEY (planet_id);


--
-- Name: star star_pkey; Type: CONSTRAINT; Schema: public; Owner: freecodecamp
--

ALTER TABLE ONLY public.star
    ADD CONSTRAINT star_pkey PRIMARY KEY (star_id);


--
-- Name: cluster unique_cluster_id; Type: CONSTRAINT; Schema: public; Owner: freecodecamp
--

ALTER TABLE ONLY public.cluster
    ADD CONSTRAINT unique_cluster_id UNIQUE (cluster_id);


--
-- Name: galaxy unique_galaxy_id; Type: CONSTRAINT; Schema: public; Owner: freecodecamp
--

ALTER TABLE ONLY public.galaxy
    ADD CONSTRAINT unique_galaxy_id UNIQUE (galaxy_id);


--
-- Name: moon unique_moon_id; Type: CONSTRAINT; Schema: public; Owner: freecodecamp
--

ALTER TABLE ONLY public.moon
    ADD CONSTRAINT unique_moon_id UNIQUE (moon_id);


--
-- Name: planet unique_planet_id; Type: CONSTRAINT; Schema: public; Owner: freecodecamp
--

ALTER TABLE ONLY public.planet
    ADD CONSTRAINT unique_planet_id UNIQUE (planet_id);


--
-- Name: star unique_star_id; Type: CONSTRAINT; Schema: public; Owner: freecodecamp
--

ALTER TABLE ONLY public.star
    ADD CONSTRAINT unique_star_id UNIQUE (star_id);


--
-- Name: moon moon_planet_id_fkey; Type: FK CONSTRAINT; Schema: public; Owner: freecodecamp
--

ALTER TABLE ONLY public.moon
    ADD CONSTRAINT moon_planet_id_fkey FOREIGN KEY (planet_id) REFERENCES public.planet(planet_id);


--
-- Name: planet planet_star_id_fkey; Type: FK CONSTRAINT; Schema: public; Owner: freecodecamp
--

ALTER TABLE ONLY public.planet
    ADD CONSTRAINT planet_star_id_fkey FOREIGN KEY (star_id) REFERENCES public.star(star_id);


--
-- Name: star star_galaxy_id_fkey; Type: FK CONSTRAINT; Schema: public; Owner: freecodecamp
--

ALTER TABLE ONLY public.star
    ADD CONSTRAINT star_galaxy_id_fkey FOREIGN KEY (galaxy_id) REFERENCES public.galaxy(galaxy_id);


--
-- PostgreSQL database dump complete
--

